#{"t_start": 1729092629.9511242, "env_id": "roundabout-v0"}
r,l,t
9.666667,11,12.455693
1.166667,2,14.526907
9.375,11,25.605842
9.75,11,36.671729
5.458333,7,43.682605
9.458333,11,54.779141
10.125,11,65.962687
1.083333,2,68.065795
10.541667,11,79.199674
1.166667,2,81.264758
2.958333,4,85.410772
9.666667,11,96.466137
9.541667,11,107.496034
2.0,3,110.556489
9.375,11,121.675181
9.708333,11,132.907088
9.166667,11,143.957401
2.916667,4,148.051404
10.0,11,159.24694
9.541667,11,170.24009
9.625,11,181.49441
10.041667,11,192.488164
10.625,11,203.61216
9.916667,11,214.80612
9.833333,11,225.899165
9.75,11,237.00104
9.291667,11,248.054162
9.208333,11,259.173528
9.125,11,273.839753
9.958333,11,285.028169
9.708333,11,296.133703
4.416667,6,302.279409
10.041667,11,313.465693
10.791667,11,324.566672
9.625,11,335.73285
10.083333,11,346.838063
1.791667,3,349.869094
10.25,11,360.961139
9.541667,11,372.145389
9.916667,11,383.33821
9.291667,11,394.419895
9.958333,11,405.52822
9.375,11,416.646344
9.916667,11,427.673382
9.625,11,438.67858
9.833333,11,449.760781
9.208333,11,460.865414
8.958333,11,471.948563
9.083333,11,483.066622
9.666667,11,494.133702
10.083333,11,505.223904
10.333333,11,516.415836
9.458333,11,530.052644
9.0,11,541.17949
10.083333,11,552.279413
9.916667,11,563.288237
9.541667,11,574.340648
10.041667,11,585.550389
1.041667,2,587.643486
9.791667,11,598.685411
1.166667,2,600.670701
9.541667,11,611.800079
10.541667,11,622.935984
10.833333,11,634.052001
10.083333,11,645.211213
1.0,2,647.251063
9.833333,11,658.4385
9.375,11,669.470267
6.291667,8,677.595422
1.875,3,680.62128
9.583333,11,691.726625
10.708333,11,702.854569
9.25,11,714.049129
1.083333,2,716.060278
10.291667,11,727.304443
9.791667,11,738.414494
10.125,11,749.556601
10.625,11,760.733139
10.375,11,771.786729
10.75,11,782.929202
3.0,4,789.707389
9.083333,11,800.829921
9.291667,11,811.917792
9.375,11,823.05687
10.5,11,834.247548
9.208333,11,845.321029
9.666667,11,856.460967
8.916667,11,867.689359
9.291667,11,878.985155
9.125,11,890.006989
9.708333,11,901.17678
9.375,11,912.282794
9.333333,11,923.39014
9.666667,11,934.513933
9.666667,11,945.647972
3.791667,5,950.663299
10.583333,11,961.67388
9.166667,11,972.804546
9.5,11,983.916548
9.208333,11,995.028291
9.791667,11,1006.156377
9.541667,11,1017.297469
9.375,11,1028.41402
9.708333,11,1039.618563
9.041667,11,1053.686066
1.083333,2,1055.704546
9.541667,11,1066.7237
9.666667,11,1077.908781
9.041667,11,1088.980059
10.291667,11,1100.041308
9.875,11,1111.200772
9.166667,11,1122.436651
10.041667,11,1133.481109
9.333333,11,1144.546394
9.125,11,1155.668708
9.208333,11,1166.750138
1.791667,3,1169.73643
9.25,11,1180.745097
9.958333,11,1191.825653
10.291667,11,1202.956866
1.083333,2,1204.9252
10.333333,11,1215.972139
9.125,11,1227.191283
9.833333,11,1238.299419
7.583333,9,1247.351544
1.791667,3,1250.375242
9.875,11,1261.479199
10.166667,11,1272.595245
9.541667,11,1283.629186
9.541667,11,1294.712495
9.458333,11,1305.799201
9.5,11,1320.240958
10.125,11,1331.208949
9.583333,11,1342.275817
9.791667,11,1353.331829
10.0,11,1364.236251
9.041667,11,1375.492135
10.458333,11,1386.467255
9.166667,11,1397.543003
9.333333,11,1408.516265
9.083333,11,1419.59792
9.958333,11,1430.591995
9.333333,11,1441.568803
9.333333,11,1452.490972
9.791667,11,1463.561213
10.208333,11,1474.58158
9.166667,11,1485.64333
10.083333,11,1496.58983
9.291667,11,1507.772737
9.791667,11,1518.75255
10.083333,11,1529.723716
9.208333,11,1540.752437
9.208333,11,1551.782262
9.375,11,1562.805294
9.291667,11,1576.957363
9.125,11,1587.9773
9.958333,11,1602.38528
9.5,11,1613.365087
9.375,11,1624.290443
9.25,11,1635.180316
9.791667,11,1646.279943
9.208333,11,1657.324228
9.666667,11,1668.34643
9.125,11,1679.312465
10.333333,11,1690.338616
10.25,11,1701.391733
9.208333,11,1712.441397
9.541667,11,1723.559654
10.916667,11,1734.574536
9.041667,11,1745.635955
10.708333,11,1756.563199
9.125,11,1767.590913
9.333333,11,1778.615586
9.291667,11,1789.587664
9.208333,11,1800.647274
3.958333,5,1805.671324
9.625,11,1816.693953
2.083333,3,1819.711512
1.041667,2,1821.679716
4.791667,6,1827.652147
9.166667,11,1841.593236
9.208333,11,1852.660636
9.041667,11,1863.627303
9.041667,11,1874.671064
9.0,11,1885.726531
9.208333,11,1896.671177
9.541667,11,1907.683556
9.0,11,1918.771313
9.458333,11,1929.760975
8.916667,11,1940.765224
9.708333,11,1951.865666
9.25,11,1962.940739
9.25,11,1973.859199
9.833333,11,1984.876906
8.958333,11,1995.935169
10.166667,11,2007.00055
9.208333,11,2018.039447
9.791667,11,2029.124742
9.5,11,2040.159522
9.0,11,2051.127372
9.166667,11,2062.135089
10.083333,11,2073.154811
9.541667,11,2084.202857
6.541667,8,2095.006013
9.041667,11,2106.048441
9.541667,11,2117.1266
10.166667,11,2128.159094
9.5,11,2139.193289
8.958333,11,2150.250525
8.875,11,2161.286589
9.166667,11,2172.287555
8.958333,11,2183.371867
9.416667,11,2194.340504
9.291667,11,2205.283237
9.208333,11,2216.388758
9.333333,11,2227.444559
9.291667,11,2238.490254
9.166667,11,2249.42653
9.291667,11,2260.45892
8.958333,11,2271.451039
9.083333,11,2282.461994
9.041667,11,2293.490501
9.125,11,2304.643348
9.625,11,2315.707952
9.166667,11,2326.666712
9.041667,11,2337.725696
8.958333,11,2348.720464
9.583333,11,2362.412406
9.333333,11,2373.447775
9.041667,11,2384.57587
9.416667,11,2395.594352
9.0,11,2406.548261
9.166667,11,2417.685111
9.208333,11,2428.698105
9.458333,11,2439.660595
9.0,11,2450.740834
9.5,11,2461.762226
9.166667,11,2472.853498
9.208333,11,2483.798454
9.041667,11,2494.821646
9.375,11,2505.862742
9.291667,11,2516.828649
9.041667,11,2527.962332
9.041667,11,2539.04556
9.083333,11,2550.144761
9.5,11,2561.180405
9.0,11,2572.314834
9.5,11,2583.378186
9.166667,11,2594.389046
10.125,11,2605.485936
9.083333,11,2619.596797
8.916667,11,2630.680468
9.166667,11,2641.71406
9.208333,11,2652.746063
9.666667,11,2663.798975
9.083333,11,2674.798637
9.375,11,2685.93699
9.166667,11,2697.019551
9.458333,11,2708.107642
9.041667,11,2719.146322
9.125,11,2730.17745
9.458333,11,2741.232554
9.083333,11,2752.213709
9.291667,11,2763.276723
9.416667,11,2774.393019
9.041667,11,2785.391956
9.333333,11,2796.394665
9.416667,11,2807.632068
10.0,11,2818.730383
9.791667,11,2829.753119
9.083333,11,2840.937673
9.166667,11,2852.072463
9.333333,11,2863.130608
9.125,11,2877.035038
9.208333,11,2888.160302
9.458333,11,2899.240582
9.083333,11,2910.207495
9.083333,11,2921.300931
8.958333,11,2932.419099
9.041667,11,2943.462703
9.125,11,2954.470785
9.458333,11,2965.576967
9.0,11,2976.733786
9.083333,11,2987.703886
9.291667,11,2998.773187
9.041667,11,3009.810974
9.416667,11,3020.7479
9.166667,11,3031.74852
9.125,11,3042.856412
9.333333,11,3054.0238
9.0,11,3064.960351
9.125,11,3075.964186
9.291667,11,3087.06658
9.083333,11,3098.075741
9.0,11,3109.085851
9.041667,11,3120.212167
9.125,11,3134.504141
9.166667,11,3145.411574
9.041667,11,3156.498354
9.125,11,3167.617239
9.416667,11,3178.636331
9.375,11,3193.167234
9.083333,11,3204.209589
9.208333,11,3215.243229
9.083333,11,3226.209341
9.083333,11,3237.391763
9.0,11,3248.387502
9.333333,11,3259.346462
9.083333,11,3270.321356
9.0,11,3281.325735
9.083333,11,3292.292195
8.958333,11,3303.326618
9.333333,11,3314.303725
9.625,11,3325.202634
9.541667,11,3336.216415
9.125,11,3347.213233
9.5,11,3358.153535
9.125,11,3369.140229
9.166667,11,3380.229528
9.208333,11,3391.218385
9.375,11,3404.843434
9.083333,11,3415.878654
9.083333,11,3426.94315
9.041667,11,3437.955373
9.166667,11,3449.002035
9.041667,11,3459.988032
9.0,11,3470.89552
9.125,11,3481.902037
9.041667,11,3492.880784
9.333333,11,3503.844599
9.208333,11,3514.852786
9.083333,11,3525.880119
9.041667,11,3536.948093
9.041667,11,3547.974986
9.125,11,3559.113057
9.166667,11,3570.208161
9.083333,11,3581.251374
9.041667,11,3592.267939
9.041667,11,3603.319769
9.125,11,3614.339322
9.25,11,3625.33995
9.041667,11,3636.39161
9.125,11,3647.481992
9.333333,11,3661.30544
9.125,11,3672.304542
9.125,11,3683.2641
9.083333,11,3694.247988
9.125,11,3705.204812
9.083333,11,3716.240402
9.166667,11,3727.281194
9.0,11,3738.287385
9.083333,11,3749.27626
9.125,11,3760.337394
9.041667,11,3771.328651
9.0,11,3782.247844
9.125,11,3793.268939
9.25,11,3804.37817
9.041667,11,3815.414818
9.083333,11,3826.474518
9.125,11,3837.464193
9.083333,11,3848.418274
9.375,11,3859.387906
9.291667,11,3870.425447
9.0,11,3881.512709
9.0,11,3892.476017
9.083333,11,3903.499523
9.333333,11,3917.781535
9.125,11,3928.840821
9.041667,11,3939.865099
9.083333,11,3950.954734
9.125,11,3962.035388
9.083333,11,3972.97133
9.041667,11,3983.968796
9.375,11,3995.061607
9.25,11,4006.10427
9.083333,11,4017.215655
9.25,11,4028.325147
9.125,11,4039.376103
9.083333,11,4050.3771
9.083333,11,4061.369632
9.125,11,4072.461131
9.083333,11,4083.522042
9.166667,11,4094.523957
8.916667,11,4105.619183
9.125,11,4116.766132
9.083333,11,4127.784482
9.083333,11,4138.880811
9.125,11,4149.995827
9.041667,11,4161.021004
9.125,11,4174.895993
9.125,11,4185.985402
9.291667,11,4197.073744
9.041667,11,4208.020959
9.041667,11,4219.095422
9.125,11,4230.119875
9.125,11,4241.084596
9.083333,11,4252.103113
9.125,11,4263.153949
9.125,11,4274.143698
9.083333,11,4285.177515
9.041667,11,4296.283023
9.041667,11,4307.385134
9.208333,11,4318.456605
9.125,11,4329.467128
9.166667,11,4340.485368
9.166667,11,4351.517708
9.166667,11,4362.546253
9.125,11,4373.685793
9.041667,11,4384.766163
9.166667,11,4395.746616
9.125,11,4406.831683
9.125,11,4417.989513
9.333333,11,4429.038322
9.208333,11,4442.941015
9.125,11,4454.160776
9.125,11,4465.232122
9.083333,11,4476.250078
9.083333,11,4487.31527
9.083333,11,4498.491384
9.125,11,4509.557838
9.166667,11,4520.513235
9.125,11,4531.619733
9.125,11,4542.670415
9.166667,11,4553.65741
9.166667,11,4564.643795
9.125,11,4575.746581
9.083333,11,4586.829433
9.083333,11,4597.823442
9.083333,11,4608.881863
9.166667,11,4619.964376
9.125,11,4630.978087
9.125,11,4641.959648
9.083333,11,4653.027535
9.083333,11,4664.059502
9.125,11,4675.025666
9.083333,11,4686.102739
9.083333,11,4700.242021
9.125,11,4711.269992
9.083333,11,4722.309528
9.0,11,4733.431102
9.166667,11,4744.539619
9.166667,11,4755.609723
9.041667,11,4766.663414
9.166667,11,4781.765482
9.083333,11,4793.683802
9.166667,11,4805.740236
9.083333,11,4817.883128
9.083333,11,4829.812878
9.083333,11,4841.805162
9.0,11,4853.893596
9.125,11,4865.267914
9.083333,11,4876.265532
9.125,11,4887.311455
8.958333,11,4898.367552
9.125,11,4909.286198
9.083333,11,4920.359596
9.125,11,4931.440476
9.125,11,4942.53771
9.25,11,4953.464326
9.083333,11,4967.065155
9.083333,11,4978.101335
9.083333,11,4989.100087
9.125,11,5000.043106
9.041667,11,5011.107735
9.166667,11,5022.200612
9.166667,11,5033.154759
9.125,11,5044.201841
9.083333,11,5055.251765
9.125,11,5066.241516
9.166667,11,5077.344025
9.166667,11,5088.468495
9.125,11,5099.550805
9.125,11,5110.492075
9.125,11,5121.73719
9.125,11,5132.761152
9.166667,11,5143.743737
9.125,11,5154.824399
9.083333,11,5165.841831
9.125,11,5176.863054
9.166667,11,5187.956774
9.125,11,5199.039182
9.041667,11,5210.10529
9.125,11,5221.146036
9.125,11,5234.744323
9.125,11,5245.804435
9.25,11,5256.925197
9.083333,11,5268.054032
9.166667,11,5279.081836
9.083333,11,5290.133485
9.083333,11,5301.209435
9.125,11,5312.356153
9.125,11,5323.394087
9.125,11,5334.507872
9.166667,11,5345.594894
9.125,11,5356.646407
9.083333,11,5367.75672
9.0,11,5378.918895
9.125,11,5390.032293
9.125,11,5401.120667
9.166667,11,5412.254
9.083333,11,5423.351343
9.125,11,5434.471784
9.125,11,5445.592859
9.125,11,5456.79999
9.125,11,5467.934264
9.0,11,5478.964134
9.166667,11,5492.874687
9.0,11,5503.985177
9.083333,11,5515.051746
9.166667,11,5526.176075
9.083333,11,5537.305886
9.125,11,5548.392706
9.166667,11,5559.367354
9.25,11,5570.54269
9.125,11,5581.609105
9.125,11,5592.665293
9.166667,11,5603.782641
9.125,11,5615.042053
9.083333,11,5626.236846
9.083333,11,5637.31232
9.083333,11,5648.530613
9.125,11,5659.600868
9.125,11,5670.642343
9.125,11,5681.661335
9.083333,11,5692.78565
9.166667,11,5703.928965
9.125,11,5714.991772
9.125,11,5726.103313
9.25,11,5737.129264
9.083333,11,5751.020061
9.125,11,5762.107251
9.125,11,5773.135227
9.083333,11,5784.102094
9.125,11,5795.020122
9.083333,11,5806.061682
9.125,11,5817.111587
9.125,11,5828.126457
9.125,11,5839.22162
9.041667,11,5850.417447
9.041667,11,5861.555
9.166667,11,5872.614242
9.083333,11,5883.625252
9.125,11,5894.663718
9.166667,11,5905.686451
9.0,11,5916.696022
9.166667,11,5927.784833
9.166667,11,5938.785125
9.125,11,5949.759245
9.125,11,5960.769742
9.166667,11,5971.808453
9.083333,11,5982.826828
9.0,11,5993.933005
9.125,11,6007.82942
9.125,11,6018.971545
9.166667,11,6029.99193
9.083333,11,6041.072189
9.125,11,6052.059793
9.083333,11,6063.021951
9.083333,11,6074.062092
9.208333,11,6085.115572
9.166667,11,6096.178826
9.125,11,6107.198046
9.125,11,6118.339415
9.166667,11,6129.343222
9.083333,11,6140.381285
9.125,11,6151.382729
9.166667,11,6162.459651
9.041667,11,6173.414682
9.041667,11,6184.298698
9.125,11,6195.426303
9.041667,11,6206.517018
9.125,11,6217.56736
9.166667,11,6228.586311
9.125,11,6239.615291
9.125,11,6250.660595
9.125,11,6261.606305
9.166667,11,6276.005129
9.166667,11,6287.087389
9.166667,11,6298.194005
9.166667,11,6309.137948
9.166667,11,6320.187548
9.125,11,6331.213889
9.083333,11,6342.232183
9.041667,11,6353.259715
9.083333,11,6364.310097
9.125,11,6378.899546
9.083333,11,6389.957737
9.125,11,6401.002179
9.041667,11,6412.069149
9.125,11,6423.138178
9.041667,11,6434.122316
9.166667,11,6445.215885
9.208333,11,6456.169999
9.166667,11,6467.184097
9.166667,11,6478.190864
9.083333,11,6489.221422
9.166667,11,6500.123689
9.125,11,6511.145174
9.125,11,6522.276369
9.083333,11,6536.146737
9.083333,11,6547.080012
9.166667,11,6558.150368
9.125,11,6569.236892
9.083333,11,6580.28759
9.125,11,6591.34965
9.083333,11,6602.378018
9.208333,11,6613.398238
9.125,11,6624.319957
9.125,11,6635.313172
9.166667,11,6646.351422
9.083333,11,6657.404051
9.083333,11,6668.406629
9.083333,11,6679.505738
9.125,11,6690.601581
9.041667,11,6701.62234
9.125,11,6712.629539
9.166667,11,6723.635233
9.166667,11,6734.632726
9.166667,11,6745.574934
9.125,11,6756.618769
9.083333,11,6767.730973
9.083333,11,6778.789436
9.125,11,6793.179584
9.041667,11,6804.20021
9.125,11,6815.221716
9.083333,11,6826.234637
9.166667,11,6837.349913
9.125,11,6848.35596
9.125,11,6859.280705
9.166667,11,6870.279653
9.083333,11,6881.447453
9.083333,11,6892.435901
9.125,11,6903.437396
9.041667,11,6914.522092
9.083333,11,6925.509176
9.083333,11,6936.455738
9.25,11,6947.389253
9.125,11,6958.466579
9.083333,11,6969.400406
9.125,11,6980.325046
9.0,11,6991.369703
9.125,11,7002.36047
9.125,11,7013.244688
9.166667,11,7024.296817
9.166667,11,7035.391437
9.125,11,7049.550748
9.125,11,7061.742669
9.166667,11,7073.719995
9.125,11,7085.655995
9.166667,11,7097.606455
9.166667,11,7109.550038
9.0,11,7121.49957
9.166667,11,7133.518777
9.125,11,7145.705754
9.125,11,7157.688932
9.125,11,7169.702937
9.125,11,7181.708036
9.041667,11,7193.684758
9.125,11,7205.015135
9.166667,11,7215.988952
9.083333,11,7227.021552
9.166667,11,7238.072078
9.166667,11,7249.12707
9.125,11,7260.151691
9.125,11,7271.228847
9.083333,11,7282.204294
9.125,11,7293.257327
9.083333,11,7304.281275
9.125,11,7315.287224
9.166667,11,7329.569515
9.083333,11,7340.536296
9.166667,11,7351.54632
9.166667,11,7362.495714
9.083333,11,7373.492942
9.083333,11,7384.604014
9.166667,11,7395.661352
9.125,11,7406.729001
9.25,11,7417.763423
9.125,11,7428.878857
9.125,11,7439.811175
9.041667,11,7450.926589
9.125,11,7461.9427
9.083333,11,7472.967855
9.166667,11,7484.008184
9.083333,11,7495.090196
9.125,11,7506.10876
9.125,11,7517.111225
9.166667,11,7528.125192
9.166667,11,7539.120988
9.125,11,7550.121224
9.166667,11,7561.152921
9.125,11,7572.209106
9.125,11,7586.147919
9.166667,11,7597.227647
9.125,11,7608.339428
9.208333,11,7619.391246
9.166667,11,7630.374067
9.083333,11,7641.33022
9.083333,11,7652.327319
9.166667,11,7663.31477
9.083333,11,7674.231893
9.083333,11,7685.237264
9.125,11,7696.237189
9.166667,11,7707.319298
9.166667,11,7718.324718
9.166667,11,7729.288737
9.125,11,7740.287368
9.125,11,7751.230938
9.166667,11,7762.372794
9.166667,11,7773.395721
9.166667,11,7784.370798
9.125,11,7795.326087
9.125,11,7806.387905
9.166667,11,7817.465031
9.125,11,7828.475311
9.125,11,7842.210557
9.125,11,7853.255816
9.166667,11,7864.272327
9.041667,11,7875.241318
9.125,11,7886.299797
9.125,11,7897.412219
9.208333,11,7908.300819
9.166667,11,7919.334718
9.0,11,7930.337413
9.083333,11,7941.357545
9.041667,11,7952.378991
9.125,11,7963.408676
9.125,11,7977.939314
9.125,11,7988.861048
9.166667,11,8000.127749
9.166667,11,8011.13121
9.125,11,8022.18565
9.125,11,8033.197443
9.125,11,8044.325284
9.166667,11,8055.35342
9.083333,11,8066.294891
9.166667,11,8077.437538
9.166667,11,8088.510625
9.125,11,8099.529643
9.125,11,8113.7158
9.125,11,8124.860331
9.166667,11,8135.917123
9.166667,11,8146.836603
9.166667,11,8157.865716
9.083333,11,8168.940929
9.083333,11,8179.887741
9.083333,11,8190.913661
9.166667,11,8202.044204
9.166667,11,8213.033962
9.166667,11,8224.025952
9.166667,11,8235.172532
9.166667,11,8246.261829
9.041667,11,8257.319225
9.083333,11,8268.321409
9.125,11,8279.334429
9.083333,11,8290.365064
9.125,11,8301.26191
9.166667,11,8312.292558
9.125,11,8323.4009
9.083333,11,8334.39212
9.083333,11,8345.415383
9.125,11,8356.510349
9.166667,11,8370.757216
9.125,11,8381.714805
9.166667,11,8392.794085
9.166667,11,8403.829859
9.166667,11,8414.880499
9.125,11,8425.932738
9.125,11,8436.975555
9.125,11,8448.035996
9.166667,11,8458.990831
9.125,11,8470.061156
9.083333,11,8481.161234
9.083333,11,8492.18217
9.166667,11,8503.114318
9.125,11,8514.149318
9.083333,11,8525.200786
9.166667,11,8536.234271
9.166667,11,8547.239328
9.125,11,8558.345955
9.166667,11,8569.443053
9.166667,11,8580.510719
9.125,11,8591.573906
9.083333,11,8602.717133
9.125,11,8613.730407
9.125,11,8627.6194
9.083333,11,8638.68247
9.166667,11,8649.770954
9.166667,11,8660.747724
9.125,11,8671.782656
9.083333,11,8682.846027
9.125,11,8693.93897
9.083333,11,8704.922035
9.041667,11,8715.936213
9.083333,11,8727.064817
9.0,11,8738.081302
9.166667,11,8749.113632
9.125,11,8760.116974
9.166667,11,8771.119975
9.083333,11,8782.079451
9.166667,11,8793.105146
9.166667,11,8804.16464
9.125,11,8815.167338
9.166667,11,8826.143311
9.166667,11,8837.241072
9.125,11,8848.32349
9.083333,11,8859.208692
9.125,11,8870.252775
9.125,11,8884.151144
9.041667,11,8895.136171
9.125,11,8906.133451
9.125,11,8917.197151
9.166667,11,8928.260395
9.166667,11,8939.161501
9.083333,11,8950.140644
9.083333,11,8961.207542
9.083333,11,8972.212101
9.041667,11,8983.171543
9.083333,11,8994.299662
9.083333,11,9005.37283
9.166667,11,9016.37701
9.041667,11,9027.634464
9.083333,11,9038.610217
9.083333,11,9049.597723
9.125,11,9060.568008
9.125,11,9071.486791
9.125,11,9082.51246
9.125,11,9093.529195
9.125,11,9104.547133
9.083333,11,9115.524611
9.041667,11,9126.586895
9.166667,11,9137.649358
9.125,11,9151.490762
9.166667,11,9162.399311
9.166667,11,9173.412963
9.083333,11,9184.351368
9.083333,11,9195.303473
9.166667,11,9206.277844
9.125,11,9217.259307
9.125,11,9228.171252
9.125,11,9239.164826
9.125,11,9250.166787
9.041667,11,9261.158735
9.083333,11,9272.154189
9.083333,11,9283.162561
9.166667,11,9294.181805
9.166667,11,9305.128433
9.083333,11,9316.21556
9.083333,11,9327.303364
9.041667,11,9338.347257
9.166667,11,9349.333902
9.125,11,9360.401139
9.166667,11,9371.424445
9.166667,11,9382.40155
9.125,11,9393.45898
9.166667,11,9407.364029
9.166667,11,9418.358586
9.166667,11,9429.312205
9.166667,11,9440.364074
9.125,11,9451.2961
9.166667,11,9462.309479
9.125,11,9473.361321
9.083333,11,9484.40527
9.125,11,9495.403463
9.166667,11,9506.331968
9.166667,11,9517.452838
9.125,11,9528.451928
9.041667,11,9539.416758
9.166667,11,9550.474066
9.125,11,9565.109831
9.0,11,9576.22389
9.166667,11,9587.323895
9.166667,11,9598.377466
9.166667,11,9609.451759
9.125,11,9620.487598
9.125,11,9631.594315
9.125,11,9642.751108
9.166667,11,9653.859979
9.166667,11,9667.848424
9.166667,11,9678.976124
9.083333,11,9690.097266
9.166667,11,9701.165068
9.125,11,9712.266657
9.083333,11,9723.292806
9.125,11,9734.266235
9.125,11,9745.318203
9.041667,11,9756.456468
9.166667,11,9767.582787
9.166667,11,9778.587943
9.166667,11,9789.667282
9.125,11,9800.761125
9.166667,11,9811.903588
9.125,11,9822.964875
9.041667,11,9834.032232
9.166667,11,9845.097163
9.125,11,9856.124368
9.125,11,9867.243714
9.083333,11,9878.379932
9.125,11,9889.497383
9.125,11,9900.627966
9.125,11,9911.804215
9.125,11,9926.1843
9.125,11,9937.334726
9.166667,11,9948.530601
9.166667,11,9959.663403
9.166667,11,9970.812048
9.083333,11,9981.805215
9.166667,11,9992.927652
9.125,11,10003.966626
9.125,11,10015.026855
9.125,11,10026.172616
9.083333,11,10037.363003
9.083333,11,10048.507011
9.166667,11,10059.611239
9.083333,11,10070.716659
9.083333,11,10081.779987
9.083333,11,10092.837019
9.125,11,10103.947364
9.166667,11,10115.090927
9.125,11,10126.221007
9.083333,11,10137.381517
9.125,11,10148.479828
9.125,11,10159.654626
9.125,11,10170.799265
9.166667,11,10182.028128
9.166667,11,10196.362427
9.166667,11,10207.560284
9.125,11,10218.583508
9.166667,11,10229.660393
9.125,11,10240.710244
9.125,11,10251.770177
9.166667,11,10262.832465
9.125,11,10273.968567
9.083333,11,10285.10676
9.125,11,10296.142174
9.166667,11,10307.206286
9.125,11,10318.245117
9.125,11,10329.332793
9.166667,11,10340.426163
9.125,11,10351.551529
9.041667,11,10362.692644
9.125,11,10373.636266
9.125,11,10384.745812
9.125,11,10395.859749
9.083333,11,10406.875913
9.166667,11,10417.902679
9.125,11,10429.002719
9.166667,11,10440.046839
9.166667,11,10454.239409
9.125,11,10465.290569
9.166667,11,10476.412785
9.083333,11,10487.655804
9.166667,11,10498.68853
9.166667,11,10509.742493
9.125,11,10520.872197
9.083333,11,10531.882214
9.166667,11,10542.921993
9.083333,11,10554.105692
9.166667,11,10565.191515
9.125,11,10576.24472
9.125,11,10587.452131
9.041667,11,10598.615312
9.125,11,10609.654408
9.125,11,10620.771597
9.166667,11,10631.873422
9.166667,11,10643.020955
9.125,11,10654.043577
9.083333,11,10665.12166
9.125,11,10676.173147
9.125,11,10687.281257
9.166667,11,10698.325449
9.125,11,10712.678877
9.166667,11,10723.782929
9.166667,11,10734.7696
9.166667,11,10745.948599
9.166667,11,10757.031475
9.125,11,10768.134095
9.166667,11,10779.227736
9.166667,11,10790.384276
9.166667,11,10801.506395
9.083333,11,10812.523882
9.083333,11,10823.602821
9.041667,11,10834.710668
9.125,11,10845.81594
9.166667,11,10856.911766
9.125,11,10868.02263
9.166667,11,10879.114973
9.166667,11,10890.158171
9.125,11,10901.173311
9.125,11,10912.257485
9.041667,11,10923.408198
9.125,11,10934.36988
9.166667,11,10945.35876
9.166667,11,10956.474361
9.125,11,10967.557177
9.166667,11,10982.126389
9.166667,11,10993.086819
9.125,11,11004.027148
9.125,11,11015.073027
9.083333,11,11026.036186
9.125,11,11036.974776
9.083333,11,11047.96483
9.166667,11,11058.969646
9.041667,11,11069.962516
9.166667,11,11080.973873
9.166667,11,11092.037702
9.166667,11,11103.026607
9.166667,11,11114.134793
9.083333,11,11125.125726
9.166667,11,11136.129208
9.125,11,11147.152268
9.166667,11,11161.762482
9.166667,11,11172.792331
9.125,11,11183.758289
9.0,11,11194.790725
9.166667,11,11205.869538
9.25,11,11216.994255
9.083333,11,11228.020976
9.166667,11,11241.945979
9.166667,11,11252.988324
9.166667,11,11264.036219
9.166667,11,11275.073197
9.125,11,11286.092784
9.166667,11,11297.135171
9.166667,11,11308.246539
9.083333,11,11319.311163
9.166667,11,11330.365969
9.166667,11,11341.368666
9.166667,11,11352.417252
9.125,11,11363.454778
9.166667,11,11374.525476
9.166667,11,11385.495518
9.166667,11,11396.599463
9.041667,11,11407.63184
9.166667,11,11418.647212
9.125,11,11429.657484
9.041667,11,11440.729072
9.166667,11,11451.810824
9.041667,11,11462.778472
9.083333,11,11473.824932
9.166667,11,11484.934773
9.166667,11,11498.594797
9.166667,11,11509.714724
9.083333,11,11520.829275
9.125,11,11531.864305
9.125,11,11542.865607
9.166667,11,11553.923744
9.166667,11,11564.976274
9.166667,11,11575.939233
9.125,11,11587.043055
9.166667,11,11598.207182
9.083333,11,11609.324959
9.125,11,11620.41216
9.125,11,11631.5276
9.166667,11,11642.643418
9.25,11,11653.715217
9.166667,11,11664.835613
9.166667,11,11675.988141
9.166667,11,11687.170548
9.166667,11,11698.246182
9.125,11,11709.373836
9.166667,11,11720.480901
9.125,11,11731.455842
9.125,11,11742.50159
9.166667,11,11756.818632
9.125,11,11767.972215
9.083333,11,11779.061889
9.166667,11,11790.167544
9.041667,11,11801.348862
9.166667,11,11812.5274
9.125,11,11823.616152
9.208333,11,11834.756874
9.125,11,11845.881994
9.166667,11,11857.025082
9.166667,11,11868.112524
9.166667,11,11879.165624
9.125,11,11890.211808
9.166667,11,11901.258978
9.166667,11,11912.34688
9.125,11,11923.422157
9.166667,11,11934.405916
9.166667,11,11945.488716
9.125,11,11956.592753
9.166667,11,11967.67445
9.166667,11,11978.781072
9.166667,11,11989.962715
9.125,11,12001.045316
9.166667,11,12012.03288
9.125,11,12026.074926
9.125,11,12037.222443
9.166667,11,12048.229857
9.083333,11,12059.338473
9.166667,11,12070.4792
9.166667,11,12081.515308
9.166667,11,12092.562804
9.166667,11,12103.706375
9.083333,11,12114.824647
9.166667,11,12125.747997
9.166667,11,12136.897297
9.125,11,12147.854635
9.125,11,12158.882886
9.166667,11,12169.843132
9.166667,11,12180.8928
9.125,11,12191.904201
9.166667,11,12202.892255
9.166667,11,12213.927905
9.125,11,12225.052331
9.125,11,12236.199376
9.083333,11,12247.147902
9.166667,11,12258.213298
9.166667,11,12269.27757
9.125,11,12282.789907
9.166667,11,12293.810135
9.125,11,12304.962726
9.166667,11,12316.058736
9.125,11,12327.041956
9.083333,11,12338.098884
9.083333,11,12349.165339
9.166667,11,12360.153082
9.083333,11,12371.193445
9.125,11,12382.235945
9.166667,11,12393.27706
9.166667,11,12404.235831
9.125,11,12415.239785
9.166667,11,12426.327591
9.166667,11,12437.407998
9.166667,11,12448.397372
9.083333,11,12459.442698
9.125,11,12470.517185
9.166667,11,12481.493759
9.125,11,12492.551707
9.166667,11,12503.677977
9.125,11,12514.710792
9.166667,11,12525.704987
9.125,11,12539.585335
9.166667,11,12550.644638
9.083333,11,12561.686891
9.166667,11,12572.738002
9.166667,11,12583.82433
9.166667,11,12594.789494
9.083333,11,12605.741645
9.166667,11,12616.740051
9.125,11,12627.907877
9.166667,11,12638.980731
9.125,11,12649.870166
9.083333,11,12661.014479
9.125,11,12672.022062
9.125,11,12682.954802
9.083333,11,12694.021131
9.125,11,12705.08044
9.125,11,12716.115622
9.125,11,12727.005047
9.125,11,12738.063046
9.166667,11,12752.681917
9.166667,11,12763.645331
9.125,11,12774.719269
9.125,11,12785.801263
9.125,11,12799.738451
9.166667,11,12810.802888
9.125,11,12822.012698
9.125,11,12833.103834
9.125,11,12844.025392
9.083333,11,12855.02462
9.166667,11,12866.113317
9.083333,11,12877.123158
9.083333,11,12888.214399
9.166667,11,12899.313163
9.166667,11,12910.366109
9.166667,11,12921.438573
9.166667,11,12932.663021
9.083333,11,12943.674248
9.166667,11,12954.7948
9.125,11,12965.810859
9.125,11,12976.833773
9.083333,11,12987.863367
9.125,11,12998.850374
9.166667,11,13009.867326
9.166667,11,13020.864553
9.083333,11,13031.953205
9.125,11,13042.961325
9.125,11,13053.962917
9.041667,11,13068.072052
9.166667,11,13079.121408
9.125,11,13090.138444
9.166667,11,13101.223331
9.125,11,13112.298695
9.166667,11,13123.295177
9.166667,11,13134.291815
9.125,11,13145.379174
9.166667,11,13156.456832
9.166667,11,13167.547314
9.166667,11,13178.516059
9.166667,11,13189.973557
9.166667,11,13202.030817
9.166667,11,13214.11626
9.125,11,13226.198918
9.166667,11,13238.261777
9.166667,11,13250.381497
9.125,11,13262.393235
9.125,11,13274.449583
9.125,11,13286.538062
9.125,11,13298.559982
9.083333,11,13310.560653
9.166667,11,13322.629478
9.166667,11,13337.695172
9.083333,11,13348.818354
9.125,11,13359.914008
9.166667,11,13370.96333
9.125,11,13381.927037
9.166667,11,13393.050028
9.166667,11,13404.136853
9.166667,11,13415.232982
9.083333,11,13426.267718
9.166667,11,13437.3291
9.166667,11,13448.380836
9.125,11,13459.339682
9.125,11,13470.319897
9.166667,11,13481.304877
9.125,11,13492.360538
9.166667,11,13503.280436
9.125,11,13514.369221
9.083333,11,13525.387293
9.083333,11,13536.358142
9.166667,11,13547.340699
9.125,11,13558.359901
9.166667,11,13569.462932
9.166667,11,13580.488853
9.166667,11,13594.305276
9.166667,11,13605.366848
9.166667,11,13616.371115
9.125,11,13627.433852
9.083333,11,13638.503875
9.125,11,13649.518479
9.166667,11,13660.484915
9.166667,11,13671.57872
9.166667,11,13682.541223
9.125,11,13693.596124
9.125,11,13704.577682
9.166667,11,13715.59141
9.083333,11,13726.693579
9.166667,11,13737.641392
9.083333,11,13748.621188
9.125,11,13759.644543
9.166667,11,13770.679067
9.166667,11,13781.681758
9.166667,11,13792.761642
9.166667,11,13803.836963
9.125,11,13814.785894
9.166667,11,13825.882435
9.166667,11,13836.932151
9.166667,11,13848.001961
9.166667,11,13861.17924
9.125,11,13872.212522
9.166667,11,13883.219002
9.125,11,13894.180186
9.166667,11,13905.181069
9.166667,11,13916.236468
9.166667,11,13927.367408
9.125,11,13938.374061
9.125,11,13949.342789
9.083333,11,13960.426985
9.125,11,13971.429638
9.125,11,13982.368223
9.125,11,13993.406614
9.125,11,14004.577443
9.166667,11,14015.653317
9.083333,11,14026.730785
9.125,11,14037.785063
9.125,11,14048.820123
9.166667,11,14059.839112
9.125,11,14070.838428
9.166667,11,14081.957721
9.166667,11,14092.9375
9.125,11,14103.969833
9.125,11,14118.921917
9.166667,11,14130.990479
9.166667,11,14143.01978
9.125,11,14155.090506
9.125,11,14167.306537
9.125,11,14179.269737
9.166667,11,14191.432266
9.166667,11,14203.534324
9.041667,11,14215.618914
9.166667,11,14227.684658
9.166667,11,14239.838661
9.166667,11,14251.868129
9.166667,11,14263.813525
9.166667,11,14275.965453
9.166667,11,14288.122241
9.166667,11,14300.32245
9.125,11,14312.298779
9.166667,11,14324.371838
9.125,11,14336.401122
9.083333,11,14348.428437
9.166667,11,14360.429057
9.083333,11,14376.463385
9.166667,11,14388.524378
9.125,11,14403.991488
9.166667,11,14416.072994
9.166667,11,14428.209992
9.166667,11,14440.258607
9.166667,11,14452.356949
9.125,11,14464.51253
9.166667,11,14476.603024
9.166667,11,14487.729279
9.083333,11,14498.77237
9.125,11,14509.893105
9.083333,11,14520.813397
9.166667,11,14531.832391
9.083333,11,14542.908224
9.166667,11,14553.893179
9.125,11,14564.948905
9.125,11,14576.036281
9.125,11,14587.091733
9.166667,11,14598.117659
9.125,11,14609.135187
9.166667,11,14620.247435
9.166667,11,14631.240099
9.125,11,14642.322259
9.166667,11,14653.437452
9.125,11,14667.850203
9.166667,11,14678.933022
9.125,11,14690.124386
9.166667,11,14701.19101
9.166667,11,14712.235071
9.166667,11,14723.316358
9.166667,11,14734.378922
9.166667,11,14745.437821
9.125,11,14756.443668
9.125,11,14767.594346
9.166667,11,14778.699046
9.166667,11,14789.735727
9.166667,11,14800.772702
9.166667,11,14811.786885
9.166667,11,14822.790481
9.166667,11,14833.768194
9.125,11,14844.863577
9.083333,11,14855.961256
9.166667,11,14866.998077
9.083333,11,14877.951876
9.166667,11,14889.006921
9.125,11,14900.00889
9.125,11,14911.000123
9.166667,11,14922.227859
9.166667,11,14936.44944
9.166667,11,14947.498037
9.083333,11,14958.514044
9.166667,11,14969.499828
9.166667,11,14980.614399
9.166667,11,14991.631691
9.166667,11,15002.658171
9.0,11,15013.624507
9.166667,11,15024.591089
9.166667,11,15035.553863
9.125,11,15046.532206
9.083333,11,15057.60013
9.166667,11,15068.63343
9.125,11,15079.693113
9.166667,11,15090.661287
9.166667,11,15101.684108
9.166667,11,15112.608379
9.125,11,15123.701833
9.125,11,15134.756217
9.125,11,15145.819947
9.083333,11,15156.868992
9.166667,11,15167.915658
9.083333,11,15178.985609
9.0,11,15193.5335
9.125,11,15204.554764
9.166667,11,15215.60654
9.166667,11,15226.647743
9.166667,11,15237.685906
9.125,11,15248.671274
9.166667,11,15259.744554
9.125,11,15270.759285
9.166667,11,15281.793512
9.125,11,15292.867583
9.125,11,15303.853297
9.166667,11,15314.938248
9.125,11,15325.954451
9.125,11,15337.006855
9.083333,11,15348.188937
9.125,11,15359.316298
9.166667,11,15370.449593
9.166667,11,15381.662455
9.125,11,15392.81486
9.125,11,15403.94656
9.166667,11,15415.127046
9.125,11,15426.284888
9.166667,11,15437.375201
9.125,11,15451.76957
9.125,11,15462.815049
9.166667,11,15473.928265
9.166667,11,15485.025013
9.125,11,15496.107032
9.166667,11,15507.190927
9.166667,11,15518.238156
9.125,11,15529.377407
9.125,11,15540.503041
9.166667,11,15551.560996
9.166667,11,15562.760577
9.125,11,15573.865619
9.125,11,15584.953846
9.125,11,15596.008149
9.166667,11,15607.217782
9.083333,11,15618.360157
9.125,11,15629.442513
9.166667,11,15640.481367
9.166667,11,15651.688553
9.083333,11,15662.777284
9.125,11,15673.854273
9.166667,11,15684.970623
9.166667,11,15696.116883
9.166667,11,15710.05853
9.166667,11,15721.164036
9.166667,11,15732.314254
9.125,11,15743.423921
9.083333,11,15754.509936
9.125,11,15765.644975
9.166667,11,15776.854468
9.166667,11,15788.03156
9.166667,11,15799.135821
9.166667,11,15810.327723
9.166667,11,15821.455338
9.166667,11,15832.511919
9.083333,11,15843.63759
9.083333,11,15854.77005
9.166667,11,15865.938685
9.166667,11,15877.042153
9.166667,11,15888.260228
9.166667,11,15899.542238
9.166667,11,15910.638464
9.083333,11,15921.730672
9.125,11,15932.857822
9.166667,11,15943.991646
9.125,11,15955.055518
9.166667,11,15966.209826
9.125,11,15984.230983
9.166667,11,15995.269895
9.166667,11,16006.37422
9.166667,11,16017.470417
9.125,11,16028.517267
9.166667,11,16039.540856
9.125,11,16050.570723
9.166667,11,16061.674802
9.125,11,16072.687806
9.125,11,16083.728755
9.166667,11,16094.810423
9.166667,11,16105.91842
9.166667,11,16116.921813
9.166667,11,16127.906648
9.125,11,16138.986575
9.208333,11,16150.000384
9.166667,11,16161.0196
9.125,11,16172.067663
6.666667,9,16181.217822
9.041667,11,16192.234878
9.083333,11,16203.271678
9.166667,11,16214.28355
9.166667,11,16225.298774
9.125,11,16239.966334
9.083333,11,16251.003766
9.125,11,16262.07271
9.125,11,16273.011823
9.166667,11,16284.010097
9.166667,11,16295.030929
9.125,11,16306.073858
9.166667,11,16317.022721
9.166667,11,16328.052564
9.083333,11,16339.080214
9.083333,11,16350.065538
9.125,11,16361.112152
9.083333,11,16372.167722
9.083333,11,16383.170455
9.125,11,16394.139907
9.166667,11,16405.157227
9.166667,11,16416.168614
9.166667,11,16427.171461
9.166667,11,16438.124384
9.166667,11,16449.216906
9.166667,11,16460.283597
9.166667,11,16471.25949
9.166667,11,16482.217193
9.083333,11,16496.853581
9.083333,11,16507.981518
9.125,11,16518.986359
9.083333,11,16530.018134
9.166667,11,16541.098697
9.166667,11,16552.051712
9.125,11,16563.018167
9.166667,11,16574.143592
9.125,11,16585.182871
9.125,11,16596.219063
9.166667,11,16607.304646
9.125,11,16618.423198
9.166667,11,16629.412507
9.041667,11,16640.459471
9.166667,11,16651.525354
9.166667,11,16662.57099
9.166667,11,16673.544455
9.166667,11,16684.562559
9.166667,11,16695.612643
9.125,11,16706.676098
9.166667,11,16717.68844
9.166667,11,16728.81786
9.125,11,16739.842072
9.166667,11,16750.782034
9.166667,11,16766.235398
9.166667,11,16778.354681
9.166667,11,16790.393477
9.166667,11,16802.40119
9.166667,11,16814.405163
9.166667,11,16826.470614
9.166667,11,16838.3557
9.166667,11,16850.312494
9.083333,11,16862.309908
9.166667,11,16874.321828
9.125,11,16886.222341
9.166667,11,16898.457859
9.083333,11,16910.474498
9.083333,11,16922.580154
9.083333,11,16934.6138
9.166667,11,16946.613074
9.166667,11,16958.60997
9.166667,11,16970.581512
9.166667,11,16982.530242
9.166667,11,16994.513249
9.166667,11,17006.570867
9.166667,11,17018.569419
9.166667,11,17030.554728
9.125,11,17045.581906
9.166667,11,17057.629312
9.166667,11,17069.59166
9.166667,11,17081.547605
9.125,11,17093.470409
9.166667,11,17105.440895
9.083333,11,17117.418939
9.125,11,17129.48021
9.125,11,17141.534264
9.083333,11,17153.481345
9.083333,11,17165.534004
9.166667,11,17177.611542
9.083333,11,17189.587828
9.166667,11,17201.602771
9.166667,11,17213.742071
9.125,11,17225.802089
9.166667,11,17237.761541
9.166667,11,17249.800718
9.166667,11,17261.84502
9.125,11,17273.904731
9.166667,11,17285.877095
9.166667,11,17297.955868
9.166667,11,17309.72829
9.166667,11,17324.302851
9.166667,11,17335.394286
9.125,11,17346.405278
9.166667,11,17357.444009
9.166667,11,17368.404006
9.083333,11,17379.407524
9.166667,11,17390.467246
9.166667,11,17401.45729
9.166667,11,17412.485769
9.166667,11,17423.557516
9.166667,11,17434.583699
9.125,11,17445.52681
9.166667,11,17456.510619
9.125,11,17467.517025
9.125,11,17478.509249
9.166667,11,17489.526645
9.166667,11,17500.477497
9.166667,11,17511.506312
9.166667,11,17522.490646
9.166667,11,17533.571468
9.166667,11,17544.604214
9.166667,11,17555.576182
9.166667,11,17566.566421
9.166667,11,17577.798118
9.083333,11,17592.546219
9.083333,11,17603.571455
9.166667,11,17618.31624
9.166667,11,17629.37872
9.166667,11,17640.317241
9.125,11,17651.375536
9.166667,11,17662.449653
9.166667,11,17673.460521
9.166667,11,17684.583176
9.166667,11,17695.695875
9.166667,11,17706.722403
9.166667,11,17717.701562
9.166667,11,17728.715722
9.125,11,17739.801406
9.125,11,17750.815332
9.166667,11,17761.742601
9.166667,11,17772.857428
9.083333,11,17783.917449
9.166667,11,17794.88772
9.166667,11,17805.886556
9.125,11,17816.979781
9.166667,11,17827.987153
9.166667,11,17838.967817
9.125,11,17853.668863
9.166667,11,17864.755152
9.166667,11,17875.743852
9.125,11,17886.77537
9.166667,11,17897.841209
9.125,11,17908.785148
9.166667,11,17919.81667
9.166667,11,17930.889087
9.125,11,17941.949251
9.166667,11,17953.125293
9.125,11,17964.19942
9.125,11,17975.405036
9.166667,11,17986.551264
9.083333,11,17997.65264
9.166667,11,18008.804044
9.208333,11,18019.933978
9.166667,11,18031.049252
9.166667,11,18042.177309
9.166667,11,18053.348886
9.166667,11,18064.418094
9.166667,11,18075.49155
9.166667,11,18086.568428
9.125,11,18097.691345
9.166667,11,18112.59024
9.0,11,18124.705996
9.166667,11,18136.892469
9.125,11,18149.092272
9.166667,11,18161.184218
9.166667,11,18173.322182
9.166667,11,18185.437525
9.125,11,18197.503993
9.166667,11,18209.642368
9.125,11,18221.804696
9.166667,11,18233.965011
9.125,11,18246.026776
9.166667,11,18258.22812
9.166667,11,18270.338848
9.125,11,18282.423102
9.166667,11,18294.497853
9.166667,11,18306.633459
9.166667,11,18318.835468
9.166667,11,18330.88975
9.166667,11,18342.966186
9.166667,11,18355.093521
9.125,11,18367.185484
9.166667,11,18379.280209
9.166667,11,18395.046591
9.166667,11,18406.097637
9.166667,11,18417.197029
9.166667,11,18428.347482
9.166667,11,18439.559305
9.125,11,18450.72301
9.166667,11,18461.823901
9.166667,11,18472.917778
9.166667,11,18484.036478
9.125,11,18495.132782
9.166667,11,18506.168278
9.125,11,18517.323763
9.166667,11,18528.51299
9.083333,11,18539.577752
9.125,11,18550.7116
9.083333,11,18561.816541
9.125,11,18572.878512
9.166667,11,18583.994171
9.166667,11,18595.087145
9.125,11,18606.172435
9.125,11,18617.390105
9.166667,11,18628.537557
9.166667,11,18639.69561
9.083333,11,18650.755643
9.125,11,18665.535283
9.125,11,18676.705509
9.083333,11,18687.8296
9.166667,11,18698.874585
9.166667,11,18709.977917
9.166667,11,18721.131908
9.083333,11,18732.174836
9.166667,11,18743.290482
9.125,11,18754.415473
9.125,11,18765.592656
9.125,11,18776.670557
9.125,11,18787.74668
9.166667,11,18798.908676
9.166667,11,18809.996605
9.166667,11,18821.062843
9.166667,11,18832.164118
9.166667,11,18843.241222
9.166667,11,18854.297721
9.125,11,18865.419421
9.166667,11,18876.549184
9.166667,11,18887.635335
9.166667,11,18898.679208
9.125,11,18909.956305
9.166667,11,18924.400619
9.166667,11,18935.340622
9.125,11,18946.262277
9.166667,11,18957.252705
9.166667,11,18968.262013
9.166667,11,18979.260996
9.166667,11,18990.181178
9.166667,11,19001.186905
9.125,11,19012.240932
9.125,11,19023.222277
9.166667,11,19034.116593
9.125,11,19045.073984
9.125,11,19056.037272
9.166667,11,19067.059209
9.125,11,19078.040234
9.166667,11,19089.02701
9.166667,11,19100.063948
9.125,11,19111.05529
9.166667,11,19122.122164
9.125,11,19133.124457
9.125,11,19144.125595
9.166667,11,19155.116783
9.041667,11,19166.141961
9.166667,11,19180.001586
9.125,11,19191.034135
9.166667,11,19202.073609
9.166667,11,19213.113364
9.166667,11,19224.084884
9.166667,11,19238.657572
9.166667,11,19249.71578
9.166667,11,19260.803566
9.125,11,19271.820521
9.166667,11,19282.768044
9.166667,11,19293.759612
9.166667,11,19304.755985
9.166667,11,19315.858076
9.166667,11,19326.946993
9.166667,11,19338.013396
9.166667,11,19349.109984
9.166667,11,19360.188661
9.166667,11,19371.253792
9.166667,11,19382.261964
9.166667,11,19393.248326
9.125,11,19404.237607
9.125,11,19415.155716
9.125,11,19426.130806
9.125,11,19440.386412
9.166667,11,19451.408128
9.125,11,19462.433756
9.166667,11,19473.426834
9.166667,11,19484.412659
9.166667,11,19495.38977
9.166667,11,19506.405401
9.166667,11,19517.502992
9.125,11,19528.538149
9.166667,11,19539.586746
9.125,11,19550.615157
9.166667,11,19561.604759
9.166667,11,19572.622793
9.166667,11,19583.546585
9.166667,11,19594.576072
9.166667,11,19605.682747
9.166667,11,19616.816296
9.166667,11,19627.962244
9.166667,11,19639.077104
9.166667,11,19650.10764
9.166667,11,19661.080067
9.125,11,19672.151809
9.125,11,19683.164736
9.125,11,19694.187982
9.166667,11,19708.633891
9.125,11,19719.754221
9.125,11,19730.814046
9.125,11,19741.819894
9.166667,11,19752.898067
9.166667,11,19763.958872
9.125,11,19774.903913
9.166667,11,19785.936652
9.166667,11,19796.980132
9.125,11,19808.182094
9.166667,11,19819.309232
9.166667,11,19830.389571
9.166667,11,19841.466805
9.125,11,19852.495592
9.125,11,19863.547273
9.166667,11,19874.717344
9.083333,11,19885.827887
9.125,11,19896.86974
9.125,11,19907.976048
9.125,11,19918.993527
9.166667,11,19930.043184
9.166667,11,19941.081491
9.083333,11,19952.161298
9.166667,11,19966.873288
9.125,11,19977.879366
9.166667,11,19988.836351
9.166667,11,19999.904388
9.166667,11,20010.944962
9.166667,11,20021.975371
9.166667,11,20033.077227
9.166667,11,20044.118566
9.166667,11,20055.151812
9.125,11,20066.21891
9.166667,11,20077.283946
9.166667,11,20088.323208
9.166667,11,20099.381117
9.166667,11,20110.556627
9.166667,11,20121.651144
9.166667,11,20132.743964
9.166667,11,20143.826646
9.166667,11,20154.853956
9.166667,11,20165.883786
9.166667,11,20176.817831
9.166667,11,20187.91127
9.125,11,20199.002378
9.166667,11,20210.054006
9.166667,11,20224.684653
9.166667,11,20235.854767
9.125,11,20246.964238
9.125,11,20257.963921
9.166667,11,20269.054082
9.125,11,20280.196199
9.166667,11,20291.257938
9.166667,11,20302.257276
9.166667,11,20313.306654
9.166667,11,20324.363988
9.125,11,20335.392549
9.125,11,20346.369296
9.166667,11,20357.525141
9.083333,11,20368.627685
9.166667,11,20379.729273
9.166667,11,20390.815044
9.166667,11,20401.93072
9.166667,11,20412.989286
9.166667,11,20423.97289
9.166667,11,20435.048975
9.166667,11,20446.172208
9.166667,11,20457.222669
9.166667,11,20468.322136
9.125,11,20479.42249
9.166667,11,20493.206546
9.166667,11,20504.115627
9.166667,11,20515.297612
9.166667,11,20526.477162
9.166667,11,20537.450969
9.125,11,20548.557351
9.166667,11,20559.593995
9.166667,11,20570.61547
9.166667,11,20581.619802
9.166667,11,20592.667271
9.166667,11,20603.833427
9.166667,11,20614.782972
9.166667,11,20625.839221
9.166667,11,20636.993768
9.166667,11,20648.047843
9.166667,11,20659.050303
9.166667,11,20670.131791
9.166667,11,20681.212956
9.166667,11,20692.248196
9.125,11,20703.306505
9.166667,11,20714.423897
9.166667,11,20725.519407
9.166667,11,20736.469324
9.166667,11,20750.81503
9.166667,11,20761.848975
9.166667,11,20772.96348
9.166667,11,20783.950188
9.166667,11,20795.018586
9.166667,11,20806.094991
9.083333,11,20817.056606
9.166667,11,20831.677035
9.166667,11,20842.785415
9.166667,11,20853.831811
9.125,11,20865.01372
9.166667,11,20875.936154
9.166667,11,20886.905999
9.166667,11,20897.899205
9.125,11,20908.887677
9.125,11,20919.884452
9.166667,11,20930.926388
9.125,11,20941.849855
9.166667,11,20952.912522
9.166667,11,20963.94312
9.166667,11,20974.952587
9.166667,11,20986.08135
9.166667,11,20997.173438
9.166667,11,21011.192544
9.166667,11,21022.213895
9.166667,11,21033.273076
9.166667,11,21044.280093
9.166667,11,21055.26245
9.166667,11,21066.278372
9.166667,11,21077.291858
9.166667,11,21088.458701
9.166667,11,21099.549831
9.166667,11,21110.593561
9.166667,11,21121.612536
9.166667,11,21132.672313
9.166667,11,21143.799774
9.166667,11,21154.920885
9.166667,11,21165.991233
9.166667,11,21177.055078
9.125,11,21188.072257
9.166667,11,21199.128635
9.166667,11,21210.098665
9.166667,11,21221.071711
9.166667,11,21232.105779
9.166667,11,21243.230948
9.166667,11,21254.317379
9.166667,11,21268.535102
9.166667,11,21279.673996
9.166667,11,21290.756068
9.166667,11,21301.706512
9.166667,11,21312.737138
9.166667,11,21323.813705
9.166667,11,21334.912721
9.166667,11,21345.916099
9.166667,11,21357.036225
9.166667,11,21368.074983
9.166667,11,21379.164868
9.166667,11,21390.155971
9.166667,11,21401.224669
9.166667,11,21412.312565
9.166667,11,21423.264977
9.125,11,21434.342443
9.125,11,21445.410031
9.166667,11,21456.493722
9.166667,11,21467.553509
9.166667,11,21478.583988
9.166667,11,21489.682419
9.166667,11,21500.71582
9.166667,11,21511.736789
9.125,11,21522.751073
9.166667,11,21536.591638
9.166667,11,21547.74622
9.166667,11,21558.843149
9.166667,11,21569.951716
9.166667,11,21580.986201
9.166667,11,21592.039188
9.166667,11,21603.055106
9.166667,11,21614.009231
9.166667,11,21624.987387
9.166667,11,21636.102522
9.166667,11,21647.254687
9.125,11,21658.293035
9.166667,11,21669.305121
9.166667,11,21680.341704
9.125,11,21691.462134
9.166667,11,21702.381852
9.166667,11,21713.918306
9.166667,11,21725.213631
9.166667,11,21736.296562
9.166667,11,21747.520618
9.166667,11,21758.755434
9.166667,11,21770.053436
9.125,11,21781.215258
9.166667,11,21795.406343
9.166667,11,21806.763907
9.166667,11,21818.012054
9.166667,11,21829.146989
9.166667,11,21840.217789
9.166667,11,21851.30469
9.166667,11,21862.264814
9.166667,11,21873.352916
9.166667,11,21884.429999
9.166667,11,21895.527871
9.166667,11,21906.568724
9.166667,11,21917.695394
9.166667,11,21928.749513
9.166667,11,21939.737522
9.166667,11,21950.789169
9.166667,11,21961.856828
9.125,11,21972.873788
9.166667,11,21983.904713
9.125,11,21995.038551
9.166667,11,22006.199642
9.125,11,22017.225617
9.166667,11,22028.218879
9.166667,11,22039.253241
9.166667,11,22053.757275
9.166667,11,22064.860204
9.166667,11,22075.992646
9.166667,11,22087.162041
9.125,11,22098.152547
9.166667,11,22109.207533
9.166667,11,22120.264044
9.166667,11,22131.349122
9.125,11,22142.307205
9.166667,11,22153.385235
9.166667,11,22164.452601
9.166667,11,22175.428411
9.166667,11,22186.407954
9.166667,11,22197.528023
9.125,11,22208.62136
9.166667,11,22219.609986
9.166667,11,22230.672327
9.166667,11,22241.672675
9.125,11,22252.74418
9.166667,11,22263.738791
9.166667,11,22274.863115
9.166667,11,22285.909493
9.125,11,22296.917144
9.166667,11,22311.165764
9.125,11,22322.249232
9.125,11,22333.317936
9.125,11,22344.247717
9.166667,11,22355.302263
9.166667,11,22366.382792
9.166667,11,22377.379674
9.166667,11,22388.418681
9.166667,11,22399.473024
9.125,11,22410.55002
9.166667,11,22425.039875
9.166667,11,22436.092219
9.166667,11,22447.15964
9.166667,11,22458.263323
9.166667,11,22469.363956
9.166667,11,22480.383137
9.166667,11,22491.413821
9.166667,11,22502.357904
9.166667,11,22513.405094
9.166667,11,22524.452189
9.166667,11,22535.501498
9.166667,11,22546.484752
9.166667,11,22557.599279
9.166667,11,22568.723936
9.166667,11,22582.879123
9.166667,11,22593.901278
9.166667,11,22605.055564
9.166667,11,22616.059855
9.166667,11,22627.104993
9.166667,11,22638.212983
9.166667,11,22649.288189
9.125,11,22660.254491
9.166667,11,22671.207329
9.125,11,22682.316591
9.083333,11,22693.359809
9.125,11,22704.36304
9.166667,11,22715.474879
9.166667,11,22726.589952
9.125,11,22737.614292
9.166667,11,22748.679887
9.166667,11,22759.84271
9.166667,11,22770.838028
9.166667,11,22781.821604
9.125,11,22792.87874
9.166667,11,22803.940556
9.166667,11,22814.912954
9.166667,11,22826.15697
9.166667,11,22839.960267
9.166667,11,22850.958564
9.166667,11,22861.961375
9.166667,11,22872.934839
9.166667,11,22883.956227
9.166667,11,22894.921874
9.125,11,22905.913976
9.166667,11,22916.953775
9.166667,11,22927.987152
9.166667,11,22939.014918
9.166667,11,22949.98911
9.166667,11,22961.014579
9.125,11,22972.102008
9.125,11,22983.143588
9.166667,11,22994.19531
9.166667,11,23005.27776
9.166667,11,23016.243969
9.166667,11,23027.226463
9.166667,11,23038.178771
9.166667,11,23049.176259
9.166667,11,23060.191988
9.166667,11,23071.241547
9.166667,11,23082.256657
9.166667,11,23096.060838
9.166667,11,23107.08884
9.166667,11,23118.216049
9.166667,11,23129.282964
9.166667,11,23140.281151
9.166667,11,23151.378251
9.125,11,23162.460391
9.166667,11,23173.514491
9.166667,11,23184.517191
9.166667,11,23195.485363
9.166667,11,23206.508599
9.166667,11,23217.478808
9.166667,11,23228.574096
9.166667,11,23239.623668
9.166667,11,23250.659607
9.166667,11,23261.843558
9.166667,11,23272.878258
9.166667,11,23283.91141
9.166667,11,23295.004165
9.166667,11,23306.007359
9.166667,11,23317.131211
9.166667,11,23328.275892
9.166667,11,23339.359196
9.166667,11,23350.37984
9.125,11,23364.639134
9.166667,11,23375.89232
9.166667,11,23386.904875
9.166667,11,23397.968214
9.166667,11,23409.031056
9.166667,11,23420.111769
9.166667,11,23431.099534
9.125,11,23442.147008
9.166667,11,23453.186167
9.166667,11,23464.271839
9.125,11,23475.398644
9.166667,11,23486.46822
9.166667,11,23497.505561
9.166667,11,23508.572445
9.166667,11,23519.692176
9.166667,11,23530.760389
9.166667,11,23541.761863
9.166667,11,23552.779165
9.166667,11,23563.800107
9.166667,11,23574.888036
9.166667,11,23590.243534
9.166667,11,23601.994207
9.166667,11,23624.72476
9.166667,11,23638.852686
9.166667,11,23649.88804
9.166667,11,23660.993149
9.166667,11,23671.982943
9.166667,11,23683.03188
9.166667,11,23694.080686
9.166667,11,23705.142759
9.166667,11,23716.101385
9.166667,11,23727.187467
9.166667,11,23738.254222
9.166667,11,23749.303707
9.166667,11,23760.401621
9.166667,11,23771.540608
9.166667,11,23782.640852
9.166667,11,23793.683997
9.166667,11,23804.806392
9.083333,11,23815.921237
9.166667,11,23826.98469
9.166667,11,23838.088902
9.166667,11,23849.204922
9.166667,11,23860.356712
9.166667,11,23871.313863
9.166667,11,23882.395511
9.166667,11,23896.644125
9.125,11,23907.661725
9.166667,11,23918.685774
9.166667,11,23929.769615
9.166667,11,23940.853437
9.166667,11,23951.836682
9.166667,11,23962.869683
9.166667,11,23973.938237
9.166667,11,23985.100259
9.166667,11,23996.088421
9.166667,11,24007.074231
9.166667,11,24018.14804
9.166667,11,24032.744975
9.166667,11,24043.7363
9.166667,11,24054.815977
9.125,11,24065.767812
9.166667,11,24076.747085
9.166667,11,24087.812169
9.166667,11,24098.873304
9.166667,11,24109.809388
9.166667,11,24120.85692
9.166667,11,24131.916898
9.166667,11,24142.905758
9.166667,11,24156.800416
9.166667,11,24167.875722
9.166667,11,24178.959543
9.166667,11,24189.991859
9.166667,11,24201.013103
9.125,11,24212.056225
9.166667,11,24223.061322
9.166667,11,24234.088017
9.166667,11,24245.031281
9.125,11,24256.14384
9.166667,11,24267.238215
9.166667,11,24278.291338
9.166667,11,24289.466842
9.166667,11,24300.501456
9.125,11,24311.467696
9.166667,11,24322.520193
9.166667,11,24333.603367
9.125,11,24344.628588
9.166667,11,24355.671162
9.166667,11,24366.830176
9.125,11,24377.955678
9.166667,11,24389.024966
9.166667,11,24400.199942
9.166667,11,24411.396019
9.166667,11,24425.497841
9.166667,11,24436.547501
9.166667,11,24447.78531
9.166667,11,24458.893853
9.166667,11,24470.048552
9.166667,11,24481.108928
9.166667,11,24492.211679
9.166667,11,24503.282533
9.125,11,24514.357568
9.166667,11,24525.451061
9.25,11,24536.6034
9.166667,11,24547.752745
9.166667,11,24558.823685
9.166667,11,24569.950168
9.166667,11,24581.071995
9.166667,11,24592.185019
9.125,11,24603.2679
9.166667,11,24614.360963
9.166667,11,24625.480272
9.166667,11,24636.522181
9.166667,11,24647.708211
9.166667,11,24658.835137
9.125,11,24669.940549
9.166667,11,24684.143069
9.125,11,24695.29807
9.166667,11,24706.386265
9.166667,11,24717.430746
9.166667,11,24728.550864
9.166667,11,24739.673393
9.166667,11,24750.740979
9.166667,11,24761.826229
9.166667,11,24773.00749
9.166667,11,24784.125738
9.166667,11,24795.146496
9.166667,11,24806.352618
9.166667,11,24817.335917
9.166667,11,24828.302161
9.166667,11,24839.339737
9.166667,11,24850.367413
9.166667,11,24861.38296
9.166667,11,24872.43553
9.166667,11,24883.452183
9.166667,11,24894.59878
9.166667,11,24905.641346
9.166667,11,24916.673459
9.166667,11,24927.610072
9.166667,11,24941.679455
9.166667,11,24952.658403
9.166667,11,24963.626332
9.166667,11,24974.636432
9.166667,11,24985.609164
9.166667,11,24996.645932
9.166667,11,25007.630587
9.166667,11,25018.660185
9.166667,11,25029.709347
9.166667,11,25040.735931
9.166667,11,25051.77784
9.166667,11,25062.764489
9.166667,11,25073.907829
9.166667,11,25084.897822
9.166667,11,25095.966333
9.125,11,25107.049216
9.166667,11,25118.09467
9.166667,11,25129.101855
9.166667,11,25140.108736
9.166667,11,25151.141262
9.166667,11,25162.248428
9.166667,11,25173.307706
9.166667,11,25184.340896
9.166667,11,25198.368331
9.166667,11,25209.47318
9.166667,11,25220.546637
9.166667,11,25231.536008
9.166667,11,25242.553709
9.166667,11,25253.654144
9.125,11,25264.736271
9.166667,11,25275.80964
9.166667,11,25286.794696
9.166667,11,25297.883031
9.166667,11,25308.91858
9.166667,11,25319.969824
9.166667,11,25331.083515
9.166667,11,25342.17549
9.166667,11,25353.253592
9.166667,11,25364.286623
9.166667,11,25375.412868
9.166667,11,25386.431752
9.166667,11,25397.571155
9.166667,11,25408.60201
9.166667,11,25419.642057
9.166667,11,25430.677947
9.166667,11,25441.694456
9.166667,11,25452.782481
9.166667,11,25466.754149
9.166667,11,25477.888426
9.166667,11,25488.900422
9.125,11,25499.968476
9.166667,11,25511.009954
9.166667,11,25521.953858
9.166667,11,25533.052146
9.166667,11,25544.1085
9.125,11,25555.162515
9.166667,11,25566.291607
9.166667,11,25577.60959
9.166667,11,25588.70845
9.166667,11,25599.686153
9.166667,11,25610.717984
9.166667,11,25625.406118
9.166667,11,25636.60994
9.166667,11,25647.805714
9.166667,11,25658.954499
9.166667,11,25669.9626
9.166667,11,25681.012496
9.125,11,25692.034285
9.166667,11,25703.206902
9.166667,11,25714.254355
9.166667,11,25728.424925
9.166667,11,25739.589277
9.166667,11,25750.642522
9.125,11,25761.667172
9.125,11,25772.812089
9.166667,11,25783.905342
9.166667,11,25794.900847
9.166667,11,25805.954726
9.166667,11,25817.163047
9.166667,11,25828.185992
9.166667,11,25839.170671
9.166667,11,25850.312689
9.166667,11,25861.41365
9.125,11,25872.355894
9.166667,11,25883.429072
9.166667,11,25894.620399
9.166667,11,25905.695461
9.166667,11,25916.664776
9.166667,11,25927.745166
9.166667,11,25938.840138
9.166667,11,25949.900607
9.166667,11,25960.957721
9.166667,11,25972.028841
9.166667,11,25986.360919
9.166667,11,25997.304011
9.166667,11,26008.284931
9.166667,11,26019.27479
9.125,11,26030.246461
9.166667,11,26041.254418
9.125,11,26052.349484
9.166667,11,26063.436613
9.166667,11,26074.404185
9.166667,11,26085.489956
9.166667,11,26096.554775
9.166667,11,26107.582283
9.166667,11,26118.526425
9.166667,11,26129.591356
9.166667,11,26140.703237
9.166667,11,26151.637309
9.166667,11,26162.629204
9.166667,11,26173.670671
9.166667,11,26184.752332
9.166667,11,26195.706803
9.166667,11,26206.885023
9.166667,11,26217.954495
9.166667,11,26228.947443
9.166667,11,26240.007517
9.166667,11,26253.665161
9.166667,11,26264.754902
9.166667,11,26275.900969
9.166667,11,26286.96934
9.166667,11,26298.073221
9.166667,11,26309.046352
9.166667,11,26320.05731
9.166667,11,26331.008344
9.166667,11,26342.0866
9.166667,11,26353.026563
9.166667,11,26364.030599
9.166667,11,26375.096825
9.166667,11,26386.202249
9.166667,11,26397.239981
9.166667,11,26408.321501
9.166667,11,26419.395193
9.166667,11,26430.381947
9.166667,11,26441.4922
9.166667,11,26452.527288
9.125,11,26463.507558
9.166667,11,26474.482266
9.125,11,26485.50679
9.166667,11,26496.56886
9.166667,11,26510.302254
9.166667,11,26521.279622
9.166667,11,26532.373173
9.166667,11,26543.482466
9.166667,11,26554.517889
9.166667,11,26565.54946
9.166667,11,26576.717309
9.166667,11,26587.73389
9.166667,11,26598.827932
9.166667,11,26609.862721
9.166667,11,26620.905954
9.166667,11,26631.967292
9.125,11,26643.034338
9.166667,11,26654.117553
9.166667,11,26665.131709
9.166667,11,26676.05204
9.166667,11,26687.10193
9.166667,11,26698.165362
9.166667,11,26709.22064
9.166667,11,26720.207522
9.166667,11,26731.251275
9.166667,11,26742.302591
9.166667,11,26753.264805
9.166667,11,26767.734923
9.166667,11,26779.696057
9.166667,11,26791.733415
9.166667,11,26803.673702
9.166667,11,26815.697577
9.166667,11,26827.690768
9.166667,11,26839.666514
9.166667,11,26851.590191
9.166667,11,26863.513217
9.166667,11,26875.59119
9.166667,11,26887.613592
9.166667,11,26899.625956
9.166667,11,26911.593031
9.166667,11,26923.583995
9.166667,11,26935.6536
9.166667,11,26947.658155
9.166667,11,26959.623415
9.166667,11,26971.557776
9.125,11,26983.466393
9.166667,11,26995.479707
9.166667,11,27007.65439
9.125,11,27019.716486
9.166667,11,27031.804859
9.166667,11,27047.207378
9.166667,11,27059.360813
9.166667,11,27071.341356
9.166667,11,27083.421077
9.166667,11,27095.521523
9.25,11,27107.664026
9.166667,11,27119.641013
9.166667,11,27131.66155
9.166667,11,27143.76151
9.166667,11,27155.806492
9.166667,11,27167.846331
9.166667,11,27179.947962
9.166667,11,27191.938923
9.166667,11,27204.002484
9.166667,11,27216.021451
9.166667,11,27228.045333
9.166667,11,27240.081304
9.166667,11,27255.934994
9.166667,11,27267.197778
9.166667,11,27278.303951
9.166667,11,27289.401821
9.166667,11,27300.521396
9.166667,11,27311.489491
9.166667,11,27322.455586
9.166667,11,27336.858533
9.166667,11,27347.917721
9.166667,11,27358.952067
9.166667,11,27370.012889
9.166667,11,27381.067729
9.125,11,27392.08582
9.166667,11,27403.175914
9.166667,11,27414.312073
9.166667,11,27425.394527
9.166667,11,27436.390679
9.166667,11,27447.386887
9.166667,11,27458.500835
9.166667,11,27469.540458
9.166667,11,27480.580699
9.166667,11,27491.615075
9.166667,11,27502.694656
9.166667,11,27513.701467
9.125,11,27524.828366
9.166667,11,27535.97163
9.166667,11,27547.024037
9.166667,11,27558.183205
9.166667,11,27569.316987
9.166667,11,27580.417558
9.166667,11,27594.578233
9.166667,11,27605.612542
9.166667,11,27616.716056
9.166667,11,27627.653169
9.166667,11,27638.634275
9.166667,11,27649.687508
9.166667,11,27660.778967
9.166667,11,27671.789602
9.166667,11,27682.883229
9.166667,11,27693.900298
9.166667,11,27704.928655
9.166667,11,27715.91138
9.166667,11,27726.993569
9.166667,11,27738.034721
9.166667,11,27749.004808
9.166667,11,27760.379758
9.166667,11,27772.454368
9.166667,11,27784.477817
9.166667,11,27796.442102
9.166667,11,27807.621396
9.166667,11,27818.701635
9.166667,11,27829.713612
9.166667,11,27840.736778
9.166667,11,27855.46279
9.166667,11,27866.538435
9.166667,11,27877.600798
9.166667,11,27888.621623
9.166667,11,27899.718563
9.125,11,27910.749102
9.166667,11,27921.856543
9.166667,11,27932.999214
9.166667,11,27944.076637
9.166667,11,27955.05825
9.083333,11,27966.188976
9.166667,11,27977.345366
9.166667,11,27988.406442
9.166667,11,27999.444582
9.166667,11,28010.589647
9.166667,11,28021.723258
9.166667,11,28032.755062
9.125,11,28043.953004
9.166667,11,28055.118298
9.166667,11,28066.325595
9.166667,11,28077.354934
9.166667,11,28088.42003
9.166667,11,28099.593778
9.166667,11,28114.226038
9.125,11,28125.289675
9.166667,11,28136.484261
9.166667,11,28147.594214
9.125,11,28158.595209
9.166667,11,28169.714229
9.166667,11,28180.836061
9.125,11,28191.795682
9.166667,11,28202.816961
9.166667,11,28213.934406
9.166667,11,28225.027017
9.166667,11,28236.002438
9.166667,11,28247.127659
9.166667,11,28258.270872
9.166667,11,28269.288987
9.166667,11,28280.385935
9.166667,11,28291.453331
9.166667,11,28302.54036
9.166667,11,28313.461866
9.166667,11,28324.541247
9.125,11,28335.698615
9.166667,11,28346.705471
9.166667,11,28357.721885
9.166667,11,28368.77611
9.166667,11,28383.082608
9.166667,11,28394.118246
9.166667,11,28405.179251
9.166667,11,28416.270761
9.166667,11,28427.357132
9.166667,11,28438.37789
9.125,11,28449.469303
9.166667,11,28460.723541
9.166667,11,28471.799818
9.166667,11,28482.796608
9.166667,11,28493.992935
9.166667,11,28505.116244
9.166667,11,28516.071303
9.166667,11,28527.180646
9.166667,11,28538.338428
9.166667,11,28549.409586
9.166667,11,28560.446991
9.166667,11,28571.519786
9.166667,11,28582.631006
9.166667,11,28593.664293
9.166667,11,28604.727739
9.166667,11,28615.913342
9.166667,11,28627.013424
9.166667,11,28641.471563
9.166667,11,28652.511873
9.166667,11,28663.705042
9.166667,11,28674.737559
9.166667,11,28685.839678
9.166667,11,28696.915731
9.166667,11,28707.97655
9.166667,11,28719.04192
9.166667,11,28730.228817
9.166667,11,28741.293728
9.166667,11,28752.31089
9.166667,11,28763.64417
9.166667,11,28774.685252
9.166667,11,28785.694442
9.166667,11,28796.729779
9.125,11,28807.791296
9.166667,11,28818.823201
9.166667,11,28829.80368
9.166667,11,28840.831082
9.166667,11,28855.369493
9.166667,11,28866.465391
9.166667,11,28877.631458
9.166667,11,28888.722436
9.166667,11,28903.136115
9.166667,11,28914.248953
9.166667,11,28925.386938
9.166667,11,28936.493026
9.166667,11,28947.673763
9.166667,11,28958.816833
9.125,11,28969.904514
9.166667,11,28981.027675
9.166667,11,28992.162875
9.166667,11,29003.223775
9.166667,11,29014.377794
9.125,11,29025.553232
9.125,11,29036.71774
9.166667,11,29047.897048
9.166667,11,29058.990638
9.166667,11,29070.179487
9.166667,11,29081.318225
9.166667,11,29092.469881
9.166667,11,29103.541283
9.166667,11,29114.693696
9.166667,11,29125.780259
9.166667,11,29136.994601
9.166667,11,29148.229767
9.166667,11,29159.44576
9.166667,11,29173.405995
9.166667,11,29184.601142
9.166667,11,29195.748438
9.166667,11,29206.832236
9.166667,11,29218.05621
9.166667,11,29229.298215
9.166667,11,29240.356452
9.166667,11,29251.45402
9.166667,11,29262.660646
9.125,11,29273.845945
9.166667,11,29285.009007
9.166667,11,29296.174905
9.166667,11,29307.357273
9.166667,11,29318.450212
9.166667,11,29329.579443
9.166667,11,29340.787419
9.166667,11,29351.924591
9.166667,11,29362.984502
9.166667,11,29375.09121
9.166667,11,29387.2621
9.125,11,29399.411107
9.125,11,29411.469381
9.166667,11,29423.634604
9.166667,11,29439.021149
9.166667,11,29451.124953
9.166667,11,29463.269649
9.166667,11,29475.445313
9.166667,11,29487.645584
9.166667,11,29499.760863
9.166667,11,29511.895156
9.166667,11,29524.036763
9.166667,11,29535.890139
9.166667,11,29548.049991
9.166667,11,29560.074221
9.166667,11,29572.098062
9.166667,11,29584.124239
9.166667,11,29596.197809
9.166667,11,29608.195121
9.125,11,29620.252941
9.125,11,29632.318837
9.166667,11,29644.356158
9.166667,11,29656.364001
9.166667,11,29668.342762
9.166667,11,29680.464031
9.166667,11,29692.53085
9.166667,11,29704.467689
9.166667,11,29719.937123
9.166667,11,29731.943752
9.166667,11,29743.937679
9.125,11,29755.994393
9.166667,11,29768.176639
9.166667,11,29780.245731
9.166667,11,29792.267332
9.125,11,29804.373434
9.166667,11,29816.421938
9.166667,11,29828.389483
9.166667,11,29840.360287
9.166667,11,29852.3636
9.166667,11,29864.432123
9.166667,11,29876.35218
9.166667,11,29888.379281
9.166667,11,29900.462462
9.166667,11,29912.617814
9.166667,11,29924.608926
9.166667,11,29936.735389
9.166667,11,29948.819939
9.125,11,29960.788019
9.166667,11,29972.815706
9.166667,11,29984.867302
9.166667,11,30000.26002
9.166667,11,30011.352438
9.166667,11,30022.382042
9.166667,11,30033.540758
9.166667,11,30044.561898
9.166667,11,30055.669797
9.166667,11,30066.716685
9.166667,11,30077.803024
9.166667,11,30088.873342
9.166667,11,30099.987509
9.166667,11,30111.069055
9.166667,11,30122.148509
9.166667,11,30133.174981
9.166667,11,30144.28184
9.166667,11,30155.29297
9.166667,11,30166.414113
9.166667,11,30177.43187
9.166667,11,30188.571712
9.166667,11,30199.649247
9.166667,11,30210.843053
9.166667,11,30222.021781
9.166667,11,30233.153567
9.166667,11,30244.373417
9.166667,11,30255.56568
9.125,11,30270.332038
9.166667,11,30281.334587
9.166667,11,30292.423879
9.166667,11,30303.578848
9.166667,11,30314.718523
9.166667,11,30325.819888
9.166667,11,30336.952225
9.166667,11,30348.102685
9.166667,11,30359.149986
9.166667,11,30370.213146
9.166667,11,30381.370266
9.166667,11,30392.475248
9.166667,11,30403.521318
9.166667,11,30414.598252
9.166667,11,30425.770973
9.125,11,30436.881253
9.166667,11,30447.964527
9.166667,11,30459.065639
9.166667,11,30470.12832
9.166667,11,30481.136529
9.166667,11,30492.334946
9.166667,11,30506.984644
9.166667,11,30518.107334
9.166667,11,30532.211838
9.166667,11,30543.412938
9.125,11,30554.514237
9.166667,11,30565.553395
9.166667,11,30576.674911
9.166667,11,30587.813539
9.166667,11,30598.923796
9.166667,11,30610.104618
9.166667,11,30621.147091
9.166667,11,30632.094042
9.166667,11,30643.132019
9.166667,11,30654.181498
9.125,11,30665.341073
9.166667,11,30676.42378
9.166667,11,30687.511687
9.166667,11,30698.589046
9.166667,11,30709.64145
9.166667,11,30721.014001
9.166667,11,30731.975567
9.166667,11,30742.973678
9.125,11,30753.914976
9.166667,11,30764.863759
9.166667,11,30775.821471
9.166667,11,30789.606749
9.125,11,30800.588996
9.166667,11,30811.633275
9.166667,11,30822.618303
9.166667,11,30833.597443
9.125,11,30844.622244
9.166667,11,30855.660166
9.166667,11,30866.593611
9.166667,11,30877.60482
9.166667,11,30888.621449
9.166667,11,30899.657854
9.166667,11,30910.667773
9.166667,11,30921.725852
9.166667,11,30932.703398
9.166667,11,30943.728811
9.166667,11,30954.679069
9.166667,11,30965.683647
9.166667,11,30976.809547
9.166667,11,30987.892507
9.166667,11,30998.970176
9.166667,11,31010.055092
9.166667,11,31021.09774
9.166667,11,31032.147554
9.125,11,31045.979958
9.166667,11,31057.093797
9.125,11,31068.252735
9.166667,11,31079.274212
9.166667,11,31090.289325
9.166667,11,31101.864064
9.166667,11,31113.872607
9.166667,11,31125.797493
9.166667,11,31137.855614
9.166667,11,31149.925748
9.166667,11,31161.852762
9.166667,11,31173.858017
9.166667,11,31185.90536
9.166667,11,31198.062637
9.166667,11,31210.031055
9.166667,11,31222.03217
9.166667,11,31234.036111
9.166667,11,31246.004312
9.166667,11,31258.040645
9.166667,11,31270.112622
9.166667,11,31282.08854
9.166667,11,31293.990527
9.166667,11,31306.034356
9.166667,11,31318.135109
9.166667,11,31333.6905
9.166667,11,31345.702082
9.166667,11,31357.743099
9.166667,11,31369.871925
9.125,11,31381.838829
9.166667,11,31393.884053
9.166667,11,31405.97517
9.166667,11,31418.013472
9.166667,11,31430.07501
9.166667,11,31442.06739
9.166667,11,31454.104041
9.166667,11,31466.150814
9.166667,11,31478.195186
9.166667,11,31490.285178
9.166667,11,31502.306435
9.166667,11,31514.406348
9.166667,11,31526.434206
9.166667,11,31538.458714
9.166667,11,31550.502906
9.125,11,31562.507377
9.166667,11,31574.515573
9.166667,11,31586.452662
9.166667,11,31598.478354
9.166667,11,31613.928964
9.166667,11,31625.945134
9.166667,11,31637.899868
9.166667,11,31649.999155
9.166667,11,31662.043394
9.166667,11,31674.021569
9.166667,11,31686.053321
9.166667,11,31698.180244
9.166667,11,31710.221134
9.125,11,31722.173674
9.166667,11,31734.195935
9.125,11,31746.275604
9.166667,11,31758.213897
9.166667,11,31770.224905
9.166667,11,31782.340877
9.166667,11,31794.383022
9.166667,11,31806.409066
9.125,11,31818.515576
9.166667,11,31830.617607
9.166667,11,31842.610779
9.166667,11,31854.668613
9.166667,11,31866.773879
9.166667,11,31878.816842
9.166667,11,31894.112057
9.166667,11,31905.196543
9.166667,11,31916.294643
9.166667,11,31927.201096
9.166667,11,31938.275187
9.166667,11,31949.290539
9.166667,11,31960.3163
9.166667,11,31971.252259
9.166667,11,31982.297952
9.166667,11,31993.439618
9.125,11,32004.452418
9.166667,11,32015.547794
9.166667,11,32026.599157
9.166667,11,32037.692832
9.166667,11,32048.671484
9.166667,11,32059.756545
9.166667,11,32070.855721
9.166667,11,32081.886358
9.166667,11,32093.012122
9.166667,11,32104.020402
9.166667,11,32115.086051
9.166667,11,32126.146142
9.166667,11,32137.200417
9.166667,11,32148.268283
9.166667,11,32165.57016
9.166667,11,32176.601757
9.166667,11,32187.76221
9.166667,11,32198.852173
9.166667,11,32209.987139
9.166667,11,32221.098613
9.166667,11,32232.101563
9.166667,11,32243.193944
9.125,11,32254.399721
9.166667,11,32265.561148
9.166667,11,32276.59151
9.125,11,32287.806425
9.166667,11,32298.986087
9.166667,11,32310.019409
9.166667,11,32321.121445
9.166667,11,32332.320786
9.166667,11,32343.458963
9.125,11,32354.520509
9.166667,11,32365.695259
9.166667,11,32376.932824
9.125,11,32388.017954
9.166667,11,32399.078285
9.166667,11,32410.310234
